Employee_ID,Employee_Name,Current_Rating,Engagement_Score,Department,Gender,Training_Program,Training_Cost,Training_Duration,Expected_Improvement
2681,Jaime Greer,1,3,Sales,Male,Customer Service,567.3894513274336,2.9557522123893807,1.945486725663717
3922,Kaitlin Hickman,3,5,IT/IS,Female,Technical Skills,557.9837823834197,2.906735751295337,1.2277374784110537
2021,Marlee Woods,3,1,Production       ,Female,Project Management,563.7326272577997,3.032840722495895,1.0358949096880132
1535,Amari Christian,3,4,Production       ,Female,Project Management,563.7326272577997,3.032840722495895,1.1558949096880131
3558,Mildred Gentry,1,2,Production       ,Female,Customer Service,567.3894513274336,2.9557522123893807,1.955486725663717
3611,Rowan Cobb,2,2,Production       ,Female,Technical Skills,557.9837823834197,2.906735751295337,1.477737478411054
2376,Erica Sloan,4,5,Production       ,Female,Leadership Development,564.2892508710802,3.033101045296167,0.815574912891986
2138,Wilson Sloan,2,1,Production       ,Female,Communication Skills,542.3822288261515,2.9509658246656763,1.5075780089153048
3840,Meadow Boyer,3,1,IT/IS,Male,Communication Skills,542.3822288261515,2.9509658246656763,1.1075780089153047
3038,Heidi Manning,2,5,Production       ,Male,Communication Skills,542.3822288261515,2.9509658246656763,1.7075780089153048
1405,Shana Petingill,3,3,Production       ,Female,Project Management,563.7326272577997,3.032840722495895,1.135894909688013
2756,Earnest Hankard,2,1,Production       ,Male,Communication Skills,542.3822288261515,2.9509658246656763,1.447578008915305
1871,Lindsay Becker,3,1,Production       ,Female,Leadership Development,564.2892508710802,3.033101045296167,1.075574912891986
2015,Markus Robles,3,4,Production       ,Female,Communication Skills,542.3822288261515,2.9509658246656763,1.1975780089153047
1013,Jasmin Shah,3,5,Software Engineering,Male,Project Management,563.7326272577997,3.032840722495895,1.265894909688013
3904,Quintin Fry,3,4,IT/IS,Male,Customer Service,567.3894513274336,2.9557522123893807,1.225486725663717
1080,Abdullah Frederick,3,3,Software Engineering,Male,Project Management,563.7326272577997,3.032840722495895,1.0758949096880133
2390,Barrett Obrien,1,1,Production       ,Female,Communication Skills,542.3822288261515,2.9509658246656763,1.9075780089153047
3503,Geovanni Pugh,4,5,Sales,Male,Customer Service,567.3894513274336,2.9557522123893807,0.8154867256637168
1077,Derek Moreno,3,5,Software Engineering,Female,Project Management,563.7326272577997,3.032840722495895,1.2058949096880132
3720,Crystal Brandt,3,2,Production       ,Female,Customer Service,567.3894513274336,2.9557522123893807,1.0354867256637168
3270,Brandon Dickerson,2,5,Production       ,Male,Communication Skills,542.3822288261515,2.9509658246656763,1.7075780089153048
2176,Tyree Weaver,2,2,Production       ,Female,Communication Skills,542.3822288261515,2.9509658246656763,1.437578008915305
2726,Martin Herrera,2,2,Sales,Male,Communication Skills,542.3822288261515,2.9509658246656763,1.527578008915305
2202,Desiree Walker,4,5,Production       ,Female,Project Management,563.7326272577997,3.032840722495895,0.8658949096880132
1054,Phillip Salazar,3,1,Software Engineering,Male,Project Management,563.7326272577997,3.032840722495895,1.095894909688013
2695,Isis Ortega,2,5,Sales,Male,Leadership Development,564.2892508710802,3.033101045296167,1.6155749128919863
2775,Toby Yates,2,1,Production       ,Female,Leadership Development,564.2892508710802,3.033101045296167,1.4755749128919862
1339,Kadence Gentry,3,1,IT/IS,Male,Project Management,563.7326272577997,3.032840722495895,1.0358949096880132
1632,Alma Pennington,3,5,IT/IS,Female,Communication Skills,542.3822288261515,2.9509658246656763,1.2775780089153046
2891,Addyson Pollard,1,5,Production       ,Male,Leadership Development,564.2892508710802,3.033101045296167,2.015574912891986
3906,Amaris Miller,3,3,IT/IS,Female,Technical Skills,557.9837823834197,2.906735751295337,1.0977374784110536
2042,Luna Arroyo,3,5,Production       ,Female,Leadership Development,564.2892508710802,3.033101045296167,1.2155749128919862
2194,Isis Vega,2,1,Production       ,Female,Leadership Development,564.2892508710802,3.033101045296167,1.4755749128919862
1047,Sincere Jimenez,3,4,Software Engineering,Female,Project Management,563.7326272577997,3.032840722495895,1.1558949096880131
1463,Bo Bradford,3,5,Production       ,Female,Communication Skills,542.3822288261515,2.9509658246656763,1.2775780089153046
1107,Cybil Trzeciak,3,4,Production       ,Female,Communication Skills,542.3822288261515,2.9509658246656763,1.2575780089153046
3554,Lizeth Holland,1,2,Sales,Male,Leadership Development,564.2892508710802,3.033101045296167,1.8355749128919863
1645,Jaidyn Malone,3,5,IT/IS,Male,Customer Service,567.3894513274336,2.9557522123893807,1.3054867256637168
1014,Kole Quinn,3,4,Software Engineering,Male,Project Management,563.7326272577997,3.032840722495895,1.2158949096880132
1336,Kellen Smith,3,5,Admin Offices,Female,Communication Skills,542.3822288261515,2.9509658246656763,1.1875780089153047
3903,Hezekiah Thompson,3,1,IT/IS,Male,Customer Service,567.3894513274336,2.9557522123893807,1.0754867256637168
1309,Yamilet Cohen,3,1,Production       ,Female,Communication Skills,542.3822288261515,2.9509658246656763,0.9875780089153048
2104,Andre Fields,2,1,Production       ,Female,Project Management,563.7326272577997,3.032840722495895,1.4658949096880132
2666,Kaylyn Frye,4,5,Sales,Female,Leadership Development,564.2892508710802,3.033101045296167,0.9055749128919861
1549,Sage Potter,3,2,Production       ,Female,Project Management,563.7326272577997,3.032840722495895,1.085894909688013
2956,Aarav Espinoza,2,5,Production       ,Male,Customer Service,567.3894513274336,2.9557522123893807,1.6754867256637171
3700,Brenden Nash,1,4,Production       ,Male,Technical Skills,557.9837823834197,2.906735751295337,1.9177374784110537
2606,Aspen Freeman,2,1,Sales,Male,Leadership Development,564.2892508710802,3.033101045296167,1.5055749128919862
2262,Shane Harper,2,4,IT/IS,Female,Leadership Development,564.2892508710802,3.033101045296167,1.625574912891986
1638,Nikhil Pineda,3,2,Sales,Male,Project Management,563.7326272577997,3.032840722495895,1.115894909688013
3968,Emely Rice,3,5,IT/IS,Female,Customer Service,567.3894513274336,2.9557522123893807,1.3054867256637168
3287,Litzy Arias,1,5,Production       ,Female,Customer Service,567.3894513274336,2.9557522123893807,1.985486725663717
2682,Keagan Hutchinson,2,1,Sales,Male,Customer Service,567.3894513274336,2.9557522123893807,1.4154867256637171
2909,Nancy Barrett,1,2,Production       ,Female,Leadership Development,564.2892508710802,3.033101045296167,1.9255749128919863
1146,Emmalee Cervantes,3,3,Production       ,Male,Communication Skills,542.3822288261515,2.9509658246656763,1.1175780089153047
3980,Carmen Atkins,3,4,IT/IS,Female,Technical Skills,557.9837823834197,2.906735751295337,1.1477374784110537
1509,Marlee Mathis,3,5,Production       ,Female,Communication Skills,542.3822288261515,2.9509658246656763,1.1875780089153047
3211,Phylicia Gosciminski,2,1,Production       ,Female,Leadership Development,564.2892508710802,3.033101045296167,1.5055749128919862
3687,Bria Mcpherson,1,2,Production       ,Female,Leadership Development,564.2892508710802,3.033101045296167,1.9255749128919863
3731,Maximus Fields,3,2,Production       ,Male,Technical Skills,557.9837823834197,2.906735751295337,1.1077374784110536
3160,Baylee Warner,4,5,Production       ,Female,Leadership Development,564.2892508710802,3.033101045296167,0.9055749128919861
2450,Vivian Bright,1,5,Production       ,Male,Customer Service,567.3894513274336,2.9557522123893807,2.045486725663717
2686,Ryker Hopkins,4,5,Sales,Male,Leadership Development,564.2892508710802,3.033101045296167,0.845574912891986
2000,Jocelyn Jackson,3,1,Production       ,Female,Project Management,563.7326272577997,3.032840722495895,1.0358949096880132
1758,Henry Gray,3,5,Production       ,Male,Customer Service,567.3894513274336,2.9557522123893807,1.245486725663717
2091,Adalyn Bass,3,3,Production       ,Female,Project Management,563.7326272577997,3.032840722495895,1.0758949096880133
3677,Dayami Bailey,3,3,Production       ,Male,Technical Skills,557.9837823834197,2.906735751295337,1.1877374784110537
3522,Marques Armstrong,1,1,Sales,Female,Leadership Development,564.2892508710802,3.033101045296167,1.905574912891986
1362,Raphael Francis,3,5,Admin Offices,Female,Communication Skills,542.3822288261515,2.9509658246656763,1.2175780089153048
1106,Michael J Fitzpatrick,3,2,Production       ,Male,Project Management,563.7326272577997,3.032840722495895,1.085894909688013
2529,Gabriella Clements,2,4,Software Engineering,Female,Customer Service,567.3894513274336,2.9557522123893807,1.655486725663717
3940,Karthikeyan Ait Sidi,3,5,IT/IS,Male,Customer Service,567.3894513274336,2.9557522123893807,1.2754867256637168
2966,Joanna Bradley,4,5,Production       ,Male,Leadership Development,564.2892508710802,3.033101045296167,0.815574912891986
2265,Halle Pena,1,2,IT/IS,Female,Communication Skills,542.3822288261515,2.9509658246656763,1.927578008915305
3915,Rhys Barry,3,5,IT/IS,Male,Technical Skills,557.9837823834197,2.906735751295337,1.2277374784110537
3009,Aracely Kelly,2,1,Production       ,Male,Customer Service,567.3894513274336,2.9557522123893807,1.4154867256637171
1700,Gretchen Weeks,3,5,IT/IS,Male,Customer Service,567.3894513274336,2.9557522123893807,1.215486725663717
2081,Vicente Hansen,3,1,Production       ,Female,Leadership Development,564.2892508710802,3.033101045296167,0.9855749128919862
3465,Willow Stuart,3,5,Sales,Male,Customer Service,567.3894513274336,2.9557522123893807,1.2754867256637168
3831,Payton Cross,3,3,IT/IS,Female,Technical Skills,557.9837823834197,2.906735751295337,1.0977374784110536
1411,Makenna Rojas,3,5,Production       ,Female,Communication Skills,542.3822288261515,2.9509658246656763,1.2775780089153046
1485,Krystal Atkinson,3,1,Production       ,Female,Project Management,563.7326272577997,3.032840722495895,1.0058949096880132
2623,Harper Clark,2,2,Sales,Male,Customer Service,567.3894513274336,2.9557522123893807,1.555486725663717
1356,Dante Strong,3,1,Admin Offices,Female,Project Management,563.7326272577997,3.032840722495895,0.9758949096880133
1073,Sean Bean,3,4,Software Engineering,Male,Project Management,563.7326272577997,3.032840722495895,1.2158949096880132
1772,Hallie Thornton,3,3,Production       ,Male,Customer Service,567.3894513274336,2.9557522123893807,1.175486725663717
2279,Walter Immediato,1,2,Production       ,Male,Leadership Development,564.2892508710802,3.033101045296167,1.9555749128919862
2857,Dane Owens,2,5,Production       ,Male,Communication Skills,542.3822288261515,2.9509658246656763,1.617578008915305
